United Kingdom,United Kingdom
United Kingdom,Germany
Germany,United Kingdom
United Kingdom,Italy
Italy,Romania
Romania,Portugal
Portugal,Netherlands
Netherlands,Italy
Italy,Italy
Italy,Serbia
Serbia,Spain
Spain,France
France,Italy
Italy,Netherlands
Netherlands,Netherlands
Netherlands,Germany
Germany,Spain
Spain,United Kingdom
United Kingdom,Spain
Spain,Germany
Germany,Germany
Germany,Italy
Italy,Portugal
Portugal,Italy
Italy,Spain
Spain,Italy
Italy,United Kingdom
United Kingdom,Spain
Spain,Italy
Italy,Spain
Spain,United Kingdom
United Kingdom,Germany
Germany,Spain
Spain,Spain
Spain,Spain
Spain,Spain
Spain,Spain
Spain,United Kingdom
United Kingdom,Germany
Germany,United Kingdom
United Kingdom,